val_image,true_id,predicted_id,hamming_distance
S1001L01.png,S1001,S1001,16
S1001L10.png,S1001,S1001,0
S1001R08.png,S1001,unknown,41
S1001R10.png,S1001,unknown,26
S1002L06.png,S1002,S1002,9
S1002L04.png,S1002,S1002,23
S1002R07.png,S1002,S1002,0
S1002R01.png,S1002,S1002,0
S1003R04.png,S1003,S1003,22
S1003R07.png,S1003,unknown,26
S1004R01.png,S1004,unknown,32
S1004R05.png,S1004,unknown,26
S1005R01.png,S1005,S1005,0
S1005R07.png,S1005,S1005,0
S1006R06.png,S1006,S1006,0
S1006R04.png,S1006,S1006,0
S1007L06.png,S1007,S1007,17
S1007L04.png,S1007,S1007,0
S1007R07.png,S1007,S1007,0
S1007R03.png,S1007,S1007,21
S1008L07.png,S1008,S1008,9
S1008L01.png,S1008,S1008,0
S1008R06.png,S1008,S1008,0
S1008R07.png,S1008,S1008,0
S1009R04.png,S1009,S1009,0
S1009R03.png,S1009,S1009,21
S1010R01.png,S1010,S1010,0
S1011L08.png,S1011,S1011,0
S1011L02.png,S1011,S1011,20
S1011R01.png,S1011,S1011,24
S1011R06.png,S1011,S1011,0
S1012R04.png,S1012,unknown,28
S1012R03.png,S1012,S1012,0
S1013L04.png,S1013,S1013,10
S1013L06.png,S1013,S1013,0
S1014L06.png,S1014,S1014,0
S1014L04.png,S1014,S1014,0
S1015R03.png,S1015,S1015,0
S1016L01.png,S1016,S1016,0
S1017R05.png,S1017,S1017,16
S1017R02.png,S1017,unknown,34
S1018R03.png,S1018,S1018,0
S1019L11.png,S1019,S1019,0
S1019L06.png,S1019,S1019,8
S1019L14.png,S1019,S1019,12
S1019R19.png,S1019,S1019,11
S1019R17.png,S1019,S1019,13
S1019R15.png,S1019,S1019,0
S1019R26.png,S1019,S1019,10
S1019R14.png,S1019,S1019,0
S1019R05.png,S1019,S1019,0
S1020R05.png,S1020,S1020,0
S1021L06.png,S1021,S1021,0
S1021L02.png,S1021,unknown,27
S1021R01.png,S1021,unknown,34
S1022L01.png,S1022,S1022,15
S1023R02.png,S1023,S1023,0
S1024R01.png,S1024,S1024,0
S1025L03.png,S1025,S1025,0
S1026R01.png,S1026,S1026,0
S1027L04.png,S1027,S1027,0
S1028L05.png,S1028,S1028,8
S1028L09.png,S1028,S1028,13
S1028L12.png,S1028,S1028,22
S1028R10.png,S1028,S1028,21
S1028R03.png,S1028,S1028,0
S1029L03.png,S1029,S1029,8
S1029L02.png,S1029,S1029,0
S1029R03.png,S1029,S1029,0
S1029R01.png,S1029,S1029,0
S1030L05.png,S1030,S1030,22
S1030L08.png,S1030,S1030,20
S1030R10.png,S1030,S1030,12
S1030R09.png,S1030,S1030,13
S1031L02.png,S1031,unknown,36
S1032L03.png,S1032,S1032,0
S1033L03.png,S1033,S1033,0
S1034R01.png,S1034,unknown,28
S1035L04.png,S1035,S1035,0
S1036L01.png,S1036,S1036,23
S1036L02.png,S1036,S1036,7
S1036R03.png,S1036,S1036,0
S1036R01.png,S1036,unknown,33
S1037R02.png,S1037,S1037,0
S1038L03.png,S1038,S1038,0
S1039L01.png,S1039,S1039,0
S1040L02.png,S1040,S1040,0
S1041L02.png,S1041,S1041,0
S1042L09.png,S1042,S1042,0
S1042L07.png,S1042,S1042,7
S1042R04.png,S1042,S1042,0
S1042R01.png,S1042,S1042,0
S1043L03.png,S1043,S1043,13
S1043L06.png,S1043,S1043,15
S1043R09.png,S1043,S1043,25
S1043R04.png,S1043,S1043,0
S1044L01.png,S1044,S1044,0
S1044L06.png,S1044,unknown,34
S1045L09.png,S1045,S1045,0
S1045L10.png,S1045,S1045,0
S1045L02.png,S1045,S1045,7
S1045R09.png,S1045,S1045,0
S1045R06.png,S1045,S1045,0
S1046R04.png,S1046,S1046,0
S1047L04.png,S1047,unknown,30
S1047L03.png,S1047,unknown,27
S1048R04.png,S1048,S1048,0
S1048R03.png,S1048,S1048,19
S1049L01.png,S1049,unknown,30
S1050L05.png,S1050,S1050,0
S1051R05.png,S1051,S1051,0
S1052L01.png,S1052,S1052,23
S1053L12.png,S1053,S1053,0
S1053L08.png,S1053,S1053,10
S1053L01.png,S1053,S1053,0
S1053R03.png,S1053,S1053,0
S1053R04.png,S1053,unknown,26
S1054L03.png,S1054,unknown,31
S1055L03.png,S1055,S1055,0
S1056L03.png,S1056,unknown,26
S1057R03.png,S1057,S1057,24
S1058R03.png,S1058,S1058,0
S1059L05.png,S1059,S1059,13
S1060L07.png,S1060,S1060,14
S1060L08.png,S1060,S1060,0
S1060R03.png,S1060,S1060,21
S1060R06.png,S1060,S1060,0
S1061R02.png,S1061,S1061,22
S1062R05.png,S1062,S1062,0
S1063L05.png,S1063,S1063,0
S1063L06.png,S1063,unknown,26
S1063R06.png,S1063,S1063,0
S1063R05.png,S1063,S1063,24
S1064L06.png,S1064,S1064,23
S1064L01.png,S1064,S1064,0
S1064R04.png,S1064,unknown,27
S1064R03.png,S1064,S1064,16
S1065L06.png,S1065,S1065,21
S1065L02.png,S1065,S1065,17
S1065R03.png,S1065,S1065,0
S1065R01.png,S1065,S1065,0
S1066L04.png,S1066,S1066,0
S1066L03.png,S1066,S1066,0
S1066R04.png,S1066,S1066,0
S1066R07.png,S1066,S1066,23
S1067L02.png,S1067,S1067,0
S1067L05.png,S1067,S1067,0
S1067R07.png,S1067,S1067,0
S1067R02.png,S1067,S1067,0
S1068L01.png,S1068,S1068,24
S1068L03.png,S1068,S1068,0
S1068R02.png,S1068,S1068,0
S1068R04.png,S1068,unknown,32
S1069L07.png,S1069,S1069,19
S1069L06.png,S1069,S1069,0
S1069R01.png,S1069,S1069,0
S1069R02.png,S1069,S1069,0
S1070L02.png,S1070,S1070,24
S1070L05.png,S1070,S1070,25
S1070R04.png,S1070,S1070,0
S1070R02.png,S1070,S1070,0
S1071L07.png,S1071,S1071,0
S1071L04.png,S1071,S1071,0
S1071R05.png,S1071,S1071,18
S1071R06.png,S1071,S1071,22
S1072L04.png,S1072,S1072,0
S1072L05.png,S1072,S1072,0
S1072R01.png,S1072,S1072,17
S1072R03.png,S1072,S1072,0
S1073L03.png,S1073,S1073,0
S1073L04.png,S1073,S1073,20
S1073R06.png,S1073,unknown,26
S1073R07.png,S1073,S1073,25
S1074L01.png,S1074,unknown,33
S1074L06.png,S1074,S1074,0
S1074R01.png,S1074,S1074,0
S1074R02.png,S1074,unknown,35
S1075L06.png,S1075,S1075,0
S1075L03.png,S1075,S1075,25
S1075R06.png,S1075,S1075,0
S1075R01.png,S1075,S1075,0
S1076L04.png,S1076,unknown,36
S1076L02.png,S1076,unknown,30
S1076R03.png,S1076,S1076,21
S1076R01.png,S1076,S1076,0
S1077R03.png,S1077,S1077,0
S1077R04.png,S1077,S1077,17
S1078L06.png,S1078,S1078,0
S1078L01.png,S1078,S1078,0
S1078R06.png,S1078,S1078,0
S1078R02.png,S1078,S1078,23
S1079L07.png,S1079,unknown,31
S1079L03.png,S1079,S1079,0
S1079R06.png,S1079,unknown,33
S1079R02.png,S1079,unknown,31
S1080L04.png,S1080,S1080,20
S1080L03.png,S1080,S1080,0
S1080R04.png,S1080,S1080,0
S1081L03.png,S1081,S1081,15
S1081L09.png,S1081,S1081,0
S1081R10.png,S1081,S1081,0
S1081R05.png,S1081,S1081,0
S1082L07.png,S1082,S1082,15
S1082L02.png,S1082,S1082,0
S1082R07.png,S1082,S1082,0
S1082R01.png,S1082,S1082,0
S1083L04.png,S1083,unknown,27
S1083L05.png,S1083,unknown,36
S1083R06.png,S1083,unknown,30
S1083R01.png,S1083,S1083,0
S1084L06.png,S1084,S1084,0
S1084L07.png,S1084,S1084,21
S1084R04.png,S1084,unknown,26
S1084R07.png,S1084,S1084,0
S1085L02.png,S1085,unknown,26
S1085L07.png,S1085,S1085,0
S1085R04.png,S1085,S1085,19
S1085R06.png,S1085,S1085,23
S1086L06.png,S1086,S1086,19
S1086L01.png,S1086,S1086,19
S1086R05.png,S1086,S1086,19
S1086R06.png,S1086,S1086,0
S1087L06.png,S1087,S1087,0
S1087L07.png,S1087,S1087,0
S1087R01.png,S1087,S1087,0
S1087R05.png,S1087,unknown,31
S1088L01.png,S1088,unknown,33
S1088L07.png,S1088,S1088,20
S1088R03.png,S1088,S1088,0
S1088R06.png,S1088,unknown,27
S1089L01.png,S1089,S1089,0
S1089L03.png,S1089,S1089,0
S1089R02.png,S1089,S1089,0
S1089R01.png,S1089,S1089,19
S1090L01.png,S1090,S1090,20
S1090L06.png,S1090,S1090,0
S1090R05.png,S1090,S1090,18
S1090R07.png,S1090,S1090,0
S1091L03.png,S1091,unknown,26
S1091R06.png,S1091,unknown,31
S1091R01.png,S1091,S1091,0
S1092L03.png,S1092,S1092,0
S1092L09.png,S1092,S1092,3
S1092R07.png,S1092,S1092,24
S1092R06.png,S1092,S1092,22
S1093L05.png,S1093,S1093,0
S1093L02.png,S1093,S1093,0
S1093R05.png,S1093,S1093,0
S1093R10.png,S1093,unknown,26
S1094L01.png,S1094,S1094,22
S1094L02.png,S1094,S1094,23
S1094R02.png,S1094,S1094,0
S1094R06.png,S1094,S1094,15
S1095L05.png,S1095,S1095,0
S1095L04.png,S1095,S1095,0
S1095R02.png,S1095,S1095,0
S1095R04.png,S1095,S1095,0
S1096L01.png,S1096,S1096,0
S1096L02.png,S1096,S1096,0
S1096R02.png,S1096,S1096,12
S1096R06.png,S1096,S1096,0
S1097L06.png,S1097,S1097,21
S1097L05.png,S1097,S1097,20
S1097R06.png,S1097,S1097,23
S1097R05.png,S1097,unknown,29
S1098L07.png,S1098,S1098,22
S1098L01.png,S1098,S1098,0
S1098R06.png,S1098,S1098,0
S1098R04.png,S1098,S1098,0
S1099L02.png,S1099,unknown,35
S1099R01.png,S1099,S1099,0
S1099R04.png,S1099,S1099,0
S1100L04.png,S1100,unknown,30
S1100L05.png,S1100,S1100,0
S1100R06.png,S1100,S1100,0
S1100R02.png,S1100,S1100,19
S1101L02.png,S1101,S1101,24
S1101L01.png,S1101,S1101,0
S1101R07.png,S1101,S1101,21
S1101R01.png,S1101,S1101,24
S1102L01.png,S1102,S1102,0
S1102L02.png,S1102,S1102,15
S1102R07.png,S1102,S1102,0
S1102R01.png,S1102,S1102,24
S1103L01.png,S1103,S1103,0
S1103L07.png,S1103,S1103,16
S1103R04.png,S1103,unknown,43
S1103R03.png,S1103,S1103,0
S1104L06.png,S1104,S1104,17
S1104L04.png,S1104,S1104,10
S1104R02.png,S1104,S1104,15
S1104R03.png,S1104,S1104,0
S1105L02.png,S1105,S1105,0
S1105L05.png,S1105,S1105,13
S1105R06.png,S1105,S1105,0
S1105R04.png,S1105,S1105,0
S1106L07.png,S1106,S1106,24
S1106L01.png,S1106,S1106,0
S1106R04.png,S1106,S1106,0
S1106R05.png,S1106,S1106,0
S1107L05.png,S1107,S1107,0
S1107L07.png,S1107,S1107,0
S1107R03.png,S1107,S1107,0
S1107R07.png,S1107,S1107,20
S1108L06.png,S1108,unknown,29
S1108L03.png,S1108,S1108,0
S1108R03.png,S1108,S1108,0
S1108R06.png,S1108,S1108,0
S1109L05.png,S1109,S1109,0
S1109L06.png,S1109,S1109,0
S1109R06.png,S1109,S1109,0
S1109R02.png,S1109,S1109,0
S1110L03.png,S1110,S1110,0
S1110L01.png,S1110,S1110,0
S1110R04.png,S1110,unknown,26
S1110R02.png,S1110,S1110,0
S1111L07.png,S1111,S1111,20
S1111L04.png,S1111,S1111,22
S1111R01.png,S1111,S1111,10
S1111R06.png,S1111,S1111,5
S1112L03.png,S1112,S1112,0
S1112L06.png,S1112,S1112,0
S1112R03.png,S1112,S1112,19
S1112R06.png,S1112,unknown,27
S1113L01.png,S1113,S1113,0
S1113L03.png,S1113,S1113,0
S1113R03.png,S1113,S1113,22
S1113R04.png,S1113,S1113,20
S1114L03.png,S1114,S1114,0
S1114L04.png,S1114,S1114,15
S1114R02.png,S1114,S1114,16
S1114R03.png,S1114,S1114,24
S1115L10.png,S1115,S1115,0
S1115L04.png,S1115,unknown,41
S1115R02.png,S1115,S1115,13
S1115R07.png,S1115,S1115,24
S1116L02.png,S1116,S1116,24
S1116L05.png,S1116,S1116,0
S1116R01.png,S1116,unknown,28
S1116R03.png,S1116,S1116,0
S1117L07.png,S1117,S1117,22
S1117L06.png,S1117,S1117,0
S1117R01.png,S1117,unknown,27
S1117R04.png,S1117,unknown,27
S1118L07.png,S1118,S1118,0
S1118L04.png,S1118,S1118,0
S1118R05.png,S1118,unknown,27
S1118R02.png,S1118,S1118,0
S1119L03.png,S1119,S1119,0
S1119L06.png,S1119,S1119,20
S1119R04.png,S1119,unknown,27
S1119R07.png,S1119,S1119,16
S1120L06.png,S1120,S1120,18
S1120L07.png,S1120,S1120,0
S1120R06.png,S1120,S1120,19
S1120R02.png,S1120,S1120,16
S1121L03.png,S1121,unknown,47
S1121L07.png,S1121,unknown,26
S1121R03.png,S1121,unknown,30
S1121R05.png,S1121,S1121,0
S1122L06.png,S1122,S1122,23
S1122L03.png,S1122,S1122,18
S1122R02.png,S1122,unknown,31
S1122R06.png,S1122,unknown,36
S1123L07.png,S1123,S1123,0
S1123L01.png,S1123,unknown,28
S1123R03.png,S1123,unknown,39
S1123R01.png,S1123,S1123,0
S1124L06.png,S1124,S1124,18
S1124L01.png,S1124,S1124,18
S1124R05.png,S1124,S1124,0
S1124R04.png,S1124,S1124,15
S1125L10.png,S1125,S1125,0
S1125L07.png,S1125,S1125,0
S1125R05.png,S1125,S1125,0
S1125R06.png,S1125,S1125,15
S1126L07.png,S1126,S1126,0
S1126L06.png,S1126,S1126,0
S1126R02.png,S1126,S1126,0
S1126R04.png,S1126,S1126,23
S1127L02.png,S1127,S1127,0
S1127L03.png,S1127,S1127,22
S1127R05.png,S1127,S1127,0
S1127R06.png,S1127,S1127,0
S1128L03.png,S1128,S1128,0
S1128L04.png,S1128,S1128,0
S1128R03.png,S1128,unknown,30
S1129L05.png,S1129,S1129,0
S1129L02.png,S1129,S1129,0
S1129R01.png,S1129,S1129,0
S1129R06.png,S1129,unknown,33
S1130L03.png,S1130,S1130,22
S1130L01.png,S1130,S1130,0
S1130R02.png,S1130,S1130,0
S1130R01.png,S1130,S1130,0
S1131L05.png,S1131,S1131,0
S1131L02.png,S1131,S1131,0
S1131R05.png,S1131,unknown,39
S1132L02.png,S1132,unknown,32
S1132L03.png,S1132,S1132,0
S1132R02.png,S1132,S1132,19
S1132R03.png,S1132,S1132,0
S1133L01.png,S1133,S1133,0
S1133L02.png,S1133,S1133,15
S1133R01.png,S1133,unknown,29
S1133R04.png,S1133,S1133,0
S1134L05.png,S1134,S1134,0
S1134L02.png,S1134,unknown,33
S1134R07.png,S1134,S1134,0
S1134R02.png,S1134,S1134,0
S1135L07.png,S1135,S1135,13
S1135L05.png,S1135,S1135,0
S1135R03.png,S1135,S1135,24
S1135R05.png,S1135,S1135,0
S1136L02.png,S1136,S1136,0
S1136L04.png,S1136,S1136,0
S1136R08.png,S1136,unknown,26
S1136R04.png,S1136,S1136,9
S1137L03.png,S1137,S1137,25
S1137L07.png,S1137,S1137,18
S1137R05.png,S1137,S1137,0
S1137R02.png,S1137,S1137,9
S1138L02.png,S1138,unknown,27
S1138L01.png,S1138,S1138,0
S1138R03.png,S1138,S1138,16
S1138R04.png,S1138,S1138,16
S1139L03.png,S1139,S1139,17
S1139L02.png,S1139,S1139,17
S1139R07.png,S1139,unknown,29
S1139R04.png,S1139,S1139,0
S1140L04.png,S1140,S1140,0
S1140L07.png,S1140,unknown,30
S1140R05.png,S1140,unknown,43
S1140R06.png,S1140,unknown,29
S1141L02.png,S1141,S1141,19
S1141L04.png,S1141,S1141,0
S1141R02.png,S1141,S1141,0
S1141R06.png,S1141,unknown,31
S1142L03.png,S1142,S1142,0
S1142L02.png,S1142,unknown,36
S1142R06.png,S1142,unknown,28
S1142R04.png,S1142,S1142,0
S1143L03.png,S1143,unknown,27
S1143L02.png,S1143,S1143,0
S1143R04.png,S1143,S1143,0
S1143R03.png,S1143,S1143,0
S1144L02.png,S1144,S1144,0
S1144L04.png,S1144,S1144,0
S1144R06.png,S1144,unknown,30
S1144R05.png,S1144,S1144,20
S1145L06.png,S1145,S1145,0
S1145L04.png,S1145,S1145,0
S1145R01.png,S1145,unknown,26
S1145R04.png,S1145,S1145,0
S1146L07.png,S1146,unknown,27
S1146L06.png,S1146,S1146,0
S1146R02.png,S1146,S1146,22
S1146R07.png,S1146,unknown,26
S1147R02.png,S1147,S1147,0
S1148L01.png,S1148,unknown,26
S1148L02.png,S1148,unknown,26
S1148R04.png,S1148,S1148,0
S1148R02.png,S1148,unknown,29
S1149L02.png,S1149,S1149,0
S1149L06.png,S1149,S1149,0
S1149R07.png,S1149,unknown,27
S1149R01.png,S1149,S1149,0
S1150L03.png,S1150,S1150,0
S1152L05.png,S1152,S1152,0
S1153L05.png,S1153,unknown,29
S1154L02.png,S1154,unknown,33
S1155L02.png,S1155,unknown,29
S1156L04.png,S1156,S1156,20
S1156L08.png,S1156,S1156,0
S1156R02.png,S1156,unknown,30
S1157R02.png,S1157,S1157,0
S1157R09.png,S1157,S1157,0
S1158R03.png,S1158,S1158,0
S1159L03.png,S1159,S1159,14
S1159L08.png,S1159,S1159,20
S1159R02.png,S1159,S1159,21
S1159R04.png,S1159,S1159,20
S1160L09.png,S1160,S1160,0
S1160L06.png,S1160,unknown,37
S1160R07.png,S1160,S1160,23
S1160R03.png,S1160,S1160,0
S1161L09.png,S1161,S1161,0
S1161L08.png,S1161,S1161,11
S1161R01.png,S1161,S1161,23
S1161R07.png,S1161,unknown,35
S1162L05.png,S1162,S1162,0
S1162L06.png,S1162,S1162,0
S1162R01.png,S1162,S1162,22
S1162R02.png,S1162,S1162,0
S1163L02.png,S1163,S1163,0
S1163L01.png,S1163,unknown,40
S1163R04.png,S1163,S1163,0
S1164L01.png,S1164,S1164,0
S1164R01.png,S1164,S1164,0
S1165L05.png,S1165,S1165,0
S1165L04.png,S1165,S1165,23
S1165R01.png,S1165,S1165,0
S1165R08.png,S1165,S1165,24
S1166L01.png,S1166,unknown,40
S1166L04.png,S1166,S1166,0
S1166R06.png,S1166,S1166,0
S1166R02.png,S1166,S1166,0
S1167L01.png,S1167,S1167,0
S1167L04.png,S1167,S1167,0
S1167R05.png,S1167,S1167,0
S1167R08.png,S1167,S1167,16
S1168L10.png,S1168,S1168,18
S1168L04.png,S1168,S1168,0
S1168R06.png,S1168,unknown,26
S1168R09.png,S1168,unknown,27
S1169L07.png,S1169,S1169,0
S1169L05.png,S1169,S1169,21
S1169R07.png,S1169,S1169,0
S1169R04.png,S1169,S1169,11
S1170L04.png,S1170,S1170,0
S1170L01.png,S1170,unknown,30
S1170R03.png,S1170,S1170,0
S1170R07.png,S1170,unknown,30
S1171L01.png,S1171,S1171,22
S1172L04.png,S1172,S1172,12
S1172L06.png,S1172,S1172,13
S1173R02.png,S1173,S1173,17
S1173R06.png,S1173,S1173,8
S1174L01.png,S1174,S1174,0
S1174L06.png,S1174,S1174,0
S1175L04.png,S1175,S1175,0
S1175L05.png,S1175,S1175,23
S1176L03.png,S1176,S1176,18
S1176L02.png,S1176,S1176,0
S1177R02.png,S1177,S1177,0
S1178L05.png,S1178,S1178,0
S1178L04.png,S1178,S1178,0
S1179L06.png,S1179,S1179,0
S1179L10.png,S1179,S1179,11
S1179R01.png,S1179,S1179,14
S1179R06.png,S1179,S1179,17
S1180R04.png,S1180,S1180,0
S1180R02.png,S1180,S1180,0
S1181L01.png,S1181,S1181,10
S1181L05.png,S1181,S1181,0
S1182L06.png,S1182,S1182,13
S1182L07.png,S1182,S1182,0
S1182R06.png,S1182,S1182,13
S1182R08.png,S1182,S1182,0
S1183R02.png,S1183,S1183,0
S1183R05.png,S1183,S1183,19
S1184R03.png,S1184,unknown,27
S1185L06.png,S1185,unknown,34
S1185L04.png,S1185,unknown,28
S1186L09.png,S1186,S1186,12
S1186L01.png,S1186,S1186,0
S1187R05.png,S1187,S1187,15
S1187R07.png,S1187,S1187,0
S1188L04.png,S1188,S1188,9
S1188L01.png,S1188,S1188,17
S1188R01.png,S1188,S1188,0
S1188R09.png,S1188,S1188,16
S1190L02.png,S1190,S1190,0
S1191L07.png,S1191,S1191,0
S1191L01.png,S1191,S1191,23
S1191R09.png,S1191,S1191,11
S1191R03.png,S1191,S1191,15
S1192R02.png,S1192,S1192,0
S1192R04.png,S1192,S1192,20
S1193L05.png,S1193,unknown,30
S1194R04.png,S1194,S1194,0
S1195R05.png,S1195,S1195,20
S1196R05.png,S1196,S1196,21
S1197L04.png,S1197,S1197,23
S1198L03.png,S1198,S1198,22
S1199L08.png,S1199,S1199,13
S1199L04.png,S1199,S1199,11
S1199R05.png,S1199,S1199,15
S1199R02.png,S1199,S1199,11
S1200R01.png,S1200,S1200,0
S1201L02.png,S1201,S1201,0
S1202R03.png,S1202,S1202,0
S1203L02.png,S1203,S1203,0
S1204L02.png,S1204,unknown,30
S1205L01.png,S1205,S1205,0
S1205R01.png,S1205,unknown,29
S1205R05.png,S1205,S1205,0
S1206R04.png,S1206,S1206,18
S1207R04.png,S1207,S1207,23
S1208L05.png,S1208,S1208,0
S1208L06.png,S1208,S1208,16
S1209L06.png,S1209,S1209,0
S1209L10.png,S1209,S1209,0
S1209R04.png,S1209,S1209,0
S1209R02.png,S1209,S1209,24
S1210L05.png,S1210,S1210,0
S1210L02.png,S1210,unknown,33
S1211L09.png,S1211,S1211,13
S1211L12.png,S1211,S1211,9
S1211L03.png,S1211,S1211,0
S1211R01.png,S1211,unknown,42
S1212L08.png,S1212,S1212,16
S1212L06.png,S1212,S1212,19
S1214L02.png,S1214,S1214,0
S1214L07.png,S1214,S1214,17
S1215L04.png,S1215,S1215,0
S1215L01.png,S1215,S1215,24
S1217L03.png,S1217,S1217,0
S1218L01.png,S1218,unknown,40
S1218R10.png,S1218,S1218,14
S1218R02.png,S1218,S1218,9
S1218R03.png,S1218,S1218,0
S1219L08.png,S1219,S1219,0
S1219L03.png,S1219,S1219,12
S1219R05.png,S1219,S1219,21
S1219R08.png,S1219,S1219,13
S1220L03.png,S1220,S1220,0
S1220L06.png,S1220,unknown,26
S1221R06.png,S1221,S1221,25
S1221R04.png,S1221,S1221,0
S1222R06.png,S1222,S1222,11
S1222R02.png,S1222,S1222,12
S1223R02.png,S1223,S1223,0
S1224L01.png,S1224,S1224,21
S1224L08.png,S1224,S1224,0
S1224R09.png,S1224,S1224,19
S1224R11.png,S1224,unknown,26
S1224R01.png,S1224,S1224,23
S1225L02.png,S1225,S1225,14
S1225L06.png,S1225,S1225,0
S1226R07.png,S1226,S1226,23
S1226R04.png,S1226,S1226,25
S1227L04.png,S1227,S1227,0
S1228L03.png,S1228,S1228,23
S1228L01.png,S1228,S1228,0
S1229L06.png,S1229,S1229,21
S1229L03.png,S1229,S1229,0
S1229R09.png,S1229,S1229,24
S1229R07.png,S1229,S1229,17
S1230R06.png,S1230,S1230,18
S1230R09.png,S1230,S1230,17
S1231L01.png,S1231,S1231,0
S1231L02.png,S1231,S1231,0
S1232L01.png,S1232,unknown,49
S1233R02.png,S1233,unknown,28
S1234R04.png,S1234,S1234,0
S1234R03.png,S1234,S1234,22
S1235R01.png,S1235,unknown,29
S1236R02.png,S1236,unknown,32
S1237R02.png,S1237,S1237,0
S1238R02.png,S1238,S1238,24
S1239L06.png,S1239,S1239,0
S1239L07.png,S1239,S1239,0
S1239R09.png,S1239,S1239,0
S1239R04.png,S1239,S1239,0
S1240L05.png,S1240,S1240,0
S1241R01.png,S1241,S1241,0
S1242L03.png,S1242,S1242,23
S1243R01.png,S1243,unknown,41
S1244L04.png,S1244,S1244,0
S1244L02.png,S1244,S1244,24
S1245R03.png,S1245,unknown,32
S1246R01.png,S1246,S1246,25
S1247R07.png,S1247,S1247,19
S1247R04.png,S1247,S1247,19
